{
  "_fv": 60,
  "_type": "tool",
  "definition": {
    "toolType": "Hoe",
    "renderType": 0,
    "blockingRenderType": 0,
    "texture": "bedrock_hoe",
    "customModelName": "Normal",
    "blockingModelName": "Normal blocking",
    "name": "Bedrock Hoe",
    "specialInformation": {
      "fixedValue": []
    },
    "creativeTab": {
      "value": "CUSTOM:BedrockToolsCreativeTab"
    },
    "harvestLevel": 4,
    "efficiency": 30.0,
    "attackSpeed": 5.0,
    "enchantability": 0,
    "damageVsEntity": 1.0,
    "usageCount": 0,
    "blocksAffected": [],
    "glowCondition": {
      "fixedValue": false
    },
    "repairItems": [],
    "immuneToFire": true,
    "stayInGridWhenCrafting": false,
    "damageOnCrafting": false
  }
}