{
  "_fv": 60,
  "_type": "tool",
  "definition": {
    "toolType": "Axe",
    "renderType": 0,
    "blockingRenderType": 0,
    "texture": "bedrock_axe",
    "customModelName": "Normal",
    "blockingModelName": "Normal blocking",
    "name": "Bedrock Axe",
    "specialInformation": {
      "fixedValue": []
    },
    "creativeTab": {
      "value": "CUSTOM:BedrockToolsCreativeTab"
    },
    "harvestLevel": 4,
    "efficiency": 30.0,
    "attackSpeed": 1.0,
    "enchantability": 0,
    "damageVsEntity": 11.0,
    "usageCount": 0,
    "blocksAffected": [],
    "glowCondition": {
      "fixedValue": false
    },
    "repairItems": [],
    "immuneToFire": true,
    "stayInGridWhenCrafting": false,
    "damageOnCrafting": false
  }
}