{
  "_fv": 60,
  "_type": "armor",
  "definition": {
    "enableHelmet": true,
    "textureHelmet": "bedrock_helmet",
    "enableBody": true,
    "textureBody": "bedrock_chestplate",
    "enableLeggings": true,
    "textureLeggings": "bedrock_leggings",
    "enableBoots": true,
    "textureBoots": "bedrock_boots",
    "creativeTab": {
      "value": "CUSTOM:BedrockToolsCreativeTab"
    },
    "armorTextureFile": "bedrockarmortexture_",
    "helmetName": "Bedrock Helmet",
    "bodyName": "Bedrock Chestplate",
    "leggingsName": "Bedrock Leggings",
    "bootsName": "Bedrock Boots",
    "helmetSpecialInformation": {
      "fixedValue": []
    },
    "bodySpecialInformation": {
      "fixedValue": []
    },
    "leggingsSpecialInformation": {
      "fixedValue": []
    },
    "bootsSpecialInformation": {
      "fixedValue": []
    },
    "helmetModelName": "Default",
    "helmetModelPart": "Helmet",
    "helmetModelTexture": "From armor",
    "bodyModelName": "Default",
    "bodyModelPart": "Body",
    "armsModelPartL": "Arms L",
    "armsModelPartR": "Arms R",
    "bodyModelTexture": "From armor",
    "leggingsModelName": "Default",
    "leggingsModelPartL": "Leggings L",
    "leggingsModelPartR": "Leggings R",
    "leggingsModelTexture": "From armor",
    "bootsModelName": "Default",
    "bootsModelPartL": "Boots L",
    "bootsModelPartR": "Boots R",
    "bootsModelTexture": "From armor",
    "helmetItemRenderType": 0,
    "helmetItemCustomModelName": "Normal",
    "bodyItemRenderType": 0,
    "bodyItemCustomModelName": "Normal",
    "leggingsItemRenderType": 0,
    "leggingsItemCustomModelName": "Normal",
    "bootsItemRenderType": 0,
    "bootsItemCustomModelName": "Normal",
    "helmetImmuneToFire": true,
    "bodyImmuneToFire": true,
    "leggingsImmuneToFire": true,
    "bootsImmuneToFire": true,
    "helmetPiglinNeutral": {
      "fixedValue": false
    },
    "bodyPiglinNeutral": {
      "fixedValue": false
    },
    "leggingsPiglinNeutral": {
      "fixedValue": false
    },
    "bootsPiglinNeutral": {
      "fixedValue": false
    },
    "maxDamage": 0,
    "damageValueHelmet": 5,
    "damageValueBody": 11,
    "damageValueLeggings": 9,
    "damageValueBoots": 5,
    "enchantability": 20,
    "toughness": 3.0,
    "knockbackResistance": 0.3,
    "equipSound": {
      "value": ""
    },
    "repairItems": []
  }
}