{
  "_fv": 60,
  "_type": "tool",
  "definition": {
    "toolType": "Sword",
    "renderType": 0,
    "blockingRenderType": 0,
    "texture": "bedrock_sword",
    "customModelName": "Normal",
    "blockingModelName": "Normal blocking",
    "name": "Bedrock Sword",
    "specialInformation": {
      "fixedValue": []
    },
    "creativeTab": {
      "value": "CUSTOM:BedrockToolsCreativeTab"
    },
    "harvestLevel": 1,
    "efficiency": 4.0,
    "attackSpeed": 2.3,
    "enchantability": 0,
    "damageVsEntity": 20.0,
    "usageCount": 0,
    "blocksAffected": [],
    "glowCondition": {
      "fixedValue": false
    },
    "repairItems": [],
    "immuneToFire": true,
    "stayInGridWhenCrafting": false,
    "damageOnCrafting": false
  }
}